registro_tse,uf,instituto_bruto,data_inicio,data_fim,amostra,data_registro,instituto
AM076662026,AM,32654392000107,2026-07-07,2026-12-07,0,2026-07-07,32654392000107
AM000382026,AM,22267969000166,2026-07-03,2026-12-03,0,2026-07-03,22267969000166
AM026162026,AM,14614894000114,2026-05-09,2026-11-09,0,2026-06-09,14614894000114
AM010912026,AM,22445600000104,2026-05-03,2026-11-03,0,2026-07-03,22445600000104
AM051032026,AM,32654392000107,2026-05-09,2026-10-09,0,2026-05-09,32654392000107
AM001632026,AM,06023655000161,2026-06-07,2026-10-07,0,2026-08-07,06023655000161
AM033562026,AM,24302422000180,2026-02-06,2026-10-06,0,2026-06-06,24302422000180
AM028682026,AM,11028953000184,2026-06-05,2026-10-05,0,2026-08-05,11028953000184
AM084472026,AM,00654576000172,2026-04-09,2026-09-09,0,2026-03-09,00654576000172
AM034972026,AM,00654576000172,2026-01-07,2026-05-07,0,,00654576000172
AM051012026,AM,22267969000166,,2026-05-06,0,,22267969000166
AM039562026,AM,14614894000114,2026-04-10,2026-04-10,0,,14614894000114
AM011182026,AM,81908345000140,2026-02-09,2026-04-09,0,,81908345000140
AM068232026,AM,38346323000104,,2026-04-06,0,,38346323000104
AM095432026,AM,11642489000111,,2026-03-10,0,,11642489000111
AM095522026,AM,14614894000114,,2026-03-10,0,,14614894000114
AM048052026,AM,22445600000104,2026-02-10,2026-03-10,0,,22445600000104
AM049392026,AM,19259002000128,,2026-03-09,0,,19259002000128
AM052752026,AM,11642489000111,,2026-03-03,0,2026-01-03,11642489000111
AM020872026,AM,19259002000128,,2026-02-10,0,,19259002000128
AM090422026,AM,22267969000166,,2026-02-10,0,,22267969000166
AM090442026,AM,22267969000166,,2026-02-10,0,,22267969000166
AM072972026,AM,22345021000181,,2026-01-10,0,,22345021000181
AM091182026,AM,00654576000172,,2026-01-10,0,,00654576000172
AM061722026,AM,04942645000102,,2026-01-10,0,,04942645000102
AM008862026,AM,00654576000172,,2026-01-08,0,,00654576000172
AM033772026,AM,00654576000172,,,0,,00654576000172
AM094042026,AM,19259002000128,2026-08-05,,0,2026-08-05,19259002000128
AM066352026,AM,22267969000166,,,0,,22267969000166
AM066422026,AM,22714052000162,,,0,,22714052000162
AM099652026,AM,22345021000181,,,0,,22345021000181
AM080422026,AM,11642489000111,,,0,,11642489000111
AM041172026,AM,14614894000114,2026-12-05,,0,,14614894000114
AM076122026,AM,01864538000107,,,0,,01864538000107
AM061362026,AM,22267969000166,,,0,,22267969000166
AM061522026,AM,00654576000172,,,0,,00654576000172
AM008472026,AM,14614894000114,,,0,,14614894000114
AM099762026,AM,07085372000107,,,0,,07085372000107
AM001962026,AM,01864538000107,,,0,,01864538000107
AM025492026,AM,65185927000199,,,0,,65185927000199
AM047422026,AM,00654576000172,,,0,,00654576000172
AM049102026,AM,38346323000104,,,0,,38346323000104
AM087422026,AM,14614894000114,,,0,,14614894000114
AM003832026,AM,22345021000181,,,0,,22345021000181
AM045952026,AM,22445600000104,,,0,,22445600000104
AM096302026,AM,11642489000111,,,0,,11642489000111
AM081202026,AM,32654392000107,,,0,,32654392000107
AM009992026,AM,04942645000102,,,0,,04942645000102
AM066122026,AM,06023655000161,2026-08-09,,0,,06023655000161
AM033872026,AM,00654576000172,,,0,,00654576000172
AM018562026,AM,22445600000104,,,0,,22445600000104
AM021512026,AM,00654576000172,,,0,,00654576000172
AM072662026,AM,00654576000172,2026-10-09,,0,2026-10-09,00654576000172
AM091522026,AM,22267969000166,,,0,,22267969000166
AM094992026,AM,29550908000150,,,0,,29550908000150
AM047532026,AM,04942645000102,2026-12-09,,0,2026-10-09,04942645000102
AM038242026,AM,22267969000166,,,0,,22267969000166
